Nama,No. Kad Pengenalan,Jantina,Alamat
Mohd Azlan bin Awang,080412125131,Lelaki,"No. 42, Kampung Air, Jalan Tun Fuad Stephens, 88000 Kota Kinabalu, Sabah"
Dayang Nurul binti Mohd,090822475246,Perempuan,"No. 12, Taman Jumbo, Jalan Penampang, 89500 Penampang, Sabah"
Jolius bin Justin,071015125353,Lelaki,"Lot 45, Tingkat 2, Blok B, Jalan Labuk, 90000 Sandakan, Sabah"
Fiona binti Gunting,081203495464,Perempuan,"No. 89, Kampung Likas, Jalan Tuaran, 88100 Kota Kinabalu, Sabah"
Wong Jun Jie,100214125575,Lelaki,"No. 67, Taman Hilltop, Jalan Lintas, 88300 Kota Kinabalu, Sabah"
Siti Aishah binti Abdullah,090530485682,Perempuan,"Lot 112, Tingkat 1, Blok A, Jalan Apas, 91000 Tawau, Sabah"
Elvin bin Mojikon,080618125791,Lelaki,"No. 15, Kampung Kepayan, Jalan Kobusak, 89500 Penampang, Sabah"
Sherry binti Kurup,091125475808,Perempuan,"No. 34, Taman Indah, Jalan Keningau - Tambunan, 89000 Keningau, Sabah"
Lee Kah Seng,070405495913,Lelaki,"Lot 23, Tingkat 3, Blok C, Jalan Donggongon, 89500 Penampang, Sabah"
Wong Qi Yi,080312126020,Perempuan,"No. 55, Taman Megah, Jalan Leila, 90000 Sandakan, Sabah"
Ahmad Daniel bin Sulaiman,090714486133,Lelaki,"No. 8, Kampung Baru, Jalan Sibuga, 90700 Sandakan, Sabah"
Nurul Izzah binti Ismail,100902126242,Perempuan,"No. 76, Taman Sentosa, Jalan Kuhara, 91000 Tawau, Sabah"
Deondre bin Gimbang,080521476357,Lelaki,"Lot 90, Tingkat 4, Blok D, Jalan Merotai, 91100 Tawau, Sabah"
Olivia binti Kinsik,091211496468,Perempuan,"No. 101, Kampung Pasir Putih, Jalan Pegalan, 89000 Keningau, Sabah"
Chan Wei Lun,070827126579,Lelaki,"No. 3, Taman Vista, Jalan Tenom, 89000 Keningau, Sabah"
Lee Mei Ting,081119486686,Perempuan,"No. 24, Kampung Penampang Proper, Jalan Bundusan, 89500 Penampang, Sabah"
Muhammad Syahmi bin Yusof,090108126797,Lelaki,"Lot 14, Tingkat 2, Blok A, Jalan Coastal, 88000 Kota Kinabalu, Sabah"
Puteri Balqis binti Ibrahim,100416476902,Perempuan,"No. 98, Taman Seri Borneon, Jalan KK Bypass, 88000 Kota Kinabalu, Sabah"
Rayner bin Sedomon,080905497015,Lelaki,"No. 57, Kampung Bunduon, Jalan Ranau - Tuaran, 89200 Tuaran, Sabah"
Brenda binti Marcus,090228127124,Perempuan,"Lot 62, Tingkat 1, Blok C, Jalan Sulaman, 89200 Tuaran, Sabah"
Lim Jia Lok,070614487235,Lelaki,"No. 120, Taman Seri Anggerik, Jalan Berungis, 89200 Tuaran, Sabah"
Chan Xin Yi,081030127348,Perempuan,"No. 41, Kampung Kolopis, Jalan Kundasang, 89300 Ranau, Sabah"
Awangku Syazwan bin Osman,090317477459,Lelaki,"Lot 83, Tingkat 3, Blok B, Jalan Ranau Bypass, 89300 Ranau, Sabah"
Sharifah Aminah binti Hamid,100722497566,Perempuan,"No. 64, Kampung Baru Luyang, Jalan Tamparuli, 89300 Ranau, Sabah"
Murphy bin Andu,081109127673,Lelaki,"No. 9, Taman Jumbo, Jalan Gadong, 89800 Beaufort, Sabah"
Hazel binti Lasimbang,090605487784,Perempuan,"Lot 33, Tingkat 2, Blok D, Jalan Kota Klias, 89800 Beaufort, Sabah"
Tan Ze Shen,071224127895,Lelaki,"No. 150, Kampung Air, Jalan Padas, 89800 Beaufort, Sabah"
Lim Huey Yee,080811478006,Perempuan,"No. 11, Taman Indah, Jalan Kudat, 89150 Kota Belud, Sabah"
Mohd Firdaus bin Rahman,090401498117,Lelaki,"Lot 56, Tingkat 1, Blok B, Jalan Tempasuk, 89150 Kota Belud, Sabah"
Farhana binti Awang,100129128228,Perempuan,"No. 72, Kampung Likas, Jalan Usukan, 89150 Kota Belud, Sabah"
Aldrin bin Motinggo,080220488339,Lelaki,"No. 83, Taman Megah, Jalan Pegagau, 91300 Semporna, Sabah"
Easter binti Dunging,091007128440,Perempuan,"Lot 47, Tingkat 4, Blok C, Jalan Bubul, 91300 Semporna, Sabah"
Chong Wei Jian,070715478551,Lelaki,"No. 29, Kampung Pasir Putih, Jalan Kabogan, 91300 Semporna, Sabah"
Tan Siew Ling,080504498664,Perempuan,"No. 104, Taman Sentosa, Jalan Beaufort - Papar, 89600 Papar, Sabah"
Al-Hafiz bin Mohd,090918128777,Lelaki,"Lot 71, Tingkat 3, Blok A, Jalan Pan Borneo, 89600 Papar, Sabah"
Siti Norhaliza binti Abdullah,101225488882,Perempuan,"No. 5, Kampung Kolopis, Jalan Simpudu, 89600 Papar, Sabah"
Jovian bin Ambrose,080330128993,Lelaki,"No. 112, Taman Vista, Jalan Tun Fuad Stephens, 88000 Kota Kinabalu, Sabah"
Jacquelyn binti Marius,090114479004,Perempuan,"Lot 88, Tingkat 2, Blok D, Jalan Tuaran, 88100 Kota Kinabalu, Sabah"
Liew Tze Kent,070908499115,Lelaki,"No. 36, Kampung Air, Jalan Coastal, 88000 Kota Kinabalu, Sabah"
Chong Siew Ching,081231129226,Perempuan,"No. 49, Taman Jumbo, Jalan KK Bypass, 88000 Kota Kinabalu, Sabah"
Nuriman bin Sulaiman,091024489337,Lelaki,"Lot 105, Tingkat 1, Blok B, Jalan Penampang, 89500 Penampang, Sabah"
Clarissa binti Dualis,100515129442,Perempuan,"No. 18, Kampung Kepayan, Jalan Donggongon, 89500 Penampang, Sabah"
Yong Kah Chun,080802479555,Lelaki,"No. 92, Taman Megah, Jalan Bundusan, 89500 Penampang, Sabah"
Liew Yee Wen,090306499668,Perempuan,"Lot 40, Tingkat 4, Blok A, Jalan Kobusak, 89500 Penampang, Sabah"
Arthur bin Gompil,071112129779,Lelaki,"No. 63, Kampung Likas, Jalan Labuk, 90000 Sandakan, Sabah"
Michelle binti Tokuzip,080720489888,Perempuan,"No. 77, Taman Indah, Jalan Leila, 90000 Sandakan, Sabah"
Ng Wei Hong,090511129993,Lelaki,"Lot 22, Tingkat 3, Blok C, Jalan Utara, 90000 Sandakan, Sabah"
Yong Jia Xin,100222470104,Perempuan,"No. 51, Kampung Baru, Jalan Sibuga, 90700 Sandakan, Sabah"
Oswald bin Katingan,080609490215,Lelaki,"No. 85, Taman Hilltop, Jalan Apas, 91000 Tawau, Sabah"
Christy binti Ginsos,090417120326,Perempuan,"Lot 66, Tingkat 2, Blok B, Jalan Kuhara, 91000 Tawau, Sabah"
